Variety,R2_Test,RMSE_Test,MAE_Test,CV_R2_Mean,CV_R2_Std
Base,0.45188759250438026,178972.62057066403,136470.11075823047,0.013852552584960032,0.04403504706931094
Tuned,0.5459815225137883,162887.79510119781,123629.17299059179,-0.06733903044391357,0.12399044541313868
Dropout,0.535384311087497,164777.8060041293,125040.53459591398,-0.05107705096323847,0.05940868762952967
