Model,R2,MAE
Base,0.2959848734556826,148446.05884546152
Tuned,0.5170943531600396,125734.21400584055
PCA,0.4606301770232233,132143.9610244872
Pruned,0.5116844578270868,126147.86182703693
